,Names,Mean,SD
0,Disadvantaged,-0.827203369,0.206413965
1,ESOL,0.669596078,0.639499316
2,Disabled,-0.308157408,0.308642312
3,Black,-0.711599165,0.21038107
4,Hispanic,-0.064755386,0.322850548
5,Other,-1.037091742,0.527114142
6,Female,0.230359811,0.199181901
7,Intercept,1.793320471,0.175701713
